SITE_ID,YEAR,PTL,NTL,CHLA,COLOR,SECMEAN
NLA06608-0001,2007,6,151,0.24,6,6.4
NLA06608-0002,2007,27.666666666666668,557,14.924333333333333,58.666666666666664,0.5
NLA06608-0003,2007,46.5,790.5,14.912,15,0.6
NLA06608-0004,2007,36,508,10.58,10.333333333333334,1.4
NLA06608-0005,2007,3,67,0.686,2.3333333333333335,NA
NLA06608-0006,2007,5.666666666666667,212,3.352,8.333333333333334,3.655
NLA06608-0007,2007,7.5,508,3.26,11,3.25
NLA06608-0008,2007,72.5,1163,89.22,10,0.6
NLA06608-0010,2007,10,502.3333333333333,3.6773333333333333,4.333333333333333,3.54
NLA06608-0012,2007,150.5,1039,13.09,31.5,0.29000000000000004
NLA06608-0013,2007,22.666666666666668,293.6666666666667,11.283666666666667,17,0.8500000000000001
NLA06608-0014,2007,170.33333333333334,4309.333333333333,17.916,24.333333333333332,0.74
NLA06608-0015,2007,102.33333333333333,449,15.904,5,0.375
NLA06608-0016,2007,28,626.3333333333334,15.426666666666668,4.333333333333333,0.52
NLA06608-0019,2007,1197,6409.333333333333,31.392,48,0.45
NLA06608-0020,2007,23.333333333333332,505,15.508666666666667,12,0.88
NLA06608-0021,2007,9,426.5,3.122,5,5.925
NLA06608-0023,2007,18,455.5,2.796,7.5,1.125
NLA06608-0024,2007,32,901.5,34.777,27.5,0.99
NLA06608-0025,2007,6.333333333333333,127,1.8123333333333334,9.666666666666666,3.5
NLA06608-0029,2007,188.66666666666666,2161.3333333333335,126.72,14.666666666666666,0.26
NLA06608-0031,2007,28,411,6.880000000000001,10.5,0.94
NLA06608-0033,2007,44.333333333333336,571.3333333333334,6.36,43.666666666666664,0.825
NLA06608-0036,2007,8.666666666666666,255.66666666666666,3.796333333333333,5,2.45
NLA06608-0037,2007,13,292.6666666666667,6.698666666666667,8.666666666666666,3.5
NLA06608-0038,2007,3.3333333333333335,124,3.026666666666667,10.333333333333334,5.2
NLA06608-0041,2007,1,415.3333333333333,1.0506666666666666,4,8.315000000000001
NLA06608-0042,2007,12.333333333333334,202,1.972,9,4.09
NLA06608-0043,2007,10,679.5,5.3629999999999995,15,1.65
NLA06608-0044,2007,559.3333333333334,6021.666666666667,137.10633333333334,32.333333333333336,0.11
NLA06608-0045,2007,57.666666666666664,522,20.8,21,0.9099999999999999
NLA06608-0048,2007,92.33333333333333,906.6666666666666,33.12866666666667,8.666666666666666,0.38
NLA06608-0049,2007,15,256,1.136,5,2.53
NLA06608-0050,2007,17,354.3333333333333,7.7973333333333334,35,1.3
NLA06608-0053,2007,24,260.5,5.632,6,0.95
NLA06608-0057,2007,206,1304.6666666666667,86.91866666666667,27.333333333333332,0.425
NLA06608-0061,2007,18.333333333333332,512.6666666666666,5.576,10,1.815
NLA06608-0062,2007,137.66666666666666,2926,45.794666666666664,19.333333333333332,1.58
NLA06608-0064,2007,1579,3701.3333333333335,25.958886666666665,23.666666666666668,0.37
NLA06608-0065,2007,2.5,69.25,0.76425,3.25,6.41
NLA06608-0066,2007,6.333333333333333,621.6666666666666,5.049666666666667,5.333333333333333,2.65
NLA06608-0068,2007,0.6666666666666666,142,0.6203333333333333,2.6666666666666665,7.300000000000001
NLA06608-0069,2007,44,648.3333333333334,5.269333333333334,91.66666666666667,0.6000000000000001
NLA06608-0071,2007,401.3333333333333,2359.3333333333335,192.96,12,0.38
NLA06608-0072,2007,175,1994.5,78.50399999999999,35,0.515
NLA06608-0073,2007,4772,1402.5,1.3370000000000002,2.5,10.2
NLA06608-0076,2007,30,623.6666666666666,23.093333333333334,10,0.95
NLA06608-0077,2007,151.66666666666666,1653.6666666666667,80.592,15.666666666666666,0.45
NLA06608-0078,2007,118.33333333333333,4527.333333333333,13.141333333333334,63.666666666666664,0.6699999999999999
NLA06608-0079,2007,5.666666666666667,110.33333333333333,1.6253333333333333,4.666666666666667,6.85
NLA06608-0080,2007,109.66666666666667,1022,65.136,10,0.485
NLA06608-0081,2007,25.333333333333332,823.6666666666666,40.51166666666667,33.333333333333336,3.9450000000000003
NLA06608-0083,2007,56,3891.6666666666665,5.354666666666667,28.333333333333332,NA
NLA06608-0085,2007,412.3333333333333,1371.6666666666667,27.653333333333332,18,0.125
NLA06608-0086,2007,27.666666666666668,647.3333333333334,40.016,6,1.52
NLA06608-0089,2007,32.666666666666664,404,25.119999999999997,4.666666666666667,1.225
NLA06608-0090,2007,14,350.6666666666667,2.2680000000000002,16.333333333333332,4.29
NLA06608-0091,2007,167,2216,125.1,12,0.27
NLA06608-0099,2007,8.5,612,3.63,9,2.85
NLA06608-0101,2007,1,63,0.695,9,9.6
NLA06608-0102,2007,1,137,1.2,16,4.37
NLA06608-0104,2007,94.33333333333333,1100,36.201,15.333333333333334,0.315
NLA06608-0105,2007,107.33333333333333,409.3333333333333,15.738666666666667,9.666666666666666,0.84
NLA06608-0107,2007,3,520,2.315,4,NA
NLA06608-0110,2007,12,491,1.771,4,3.85
NLA06608-0111,2007,6,343,3.256,8,1.68
NLA06608-0112,2007,96,1266,84.764,16,0.51
NLA06608-0113,2007,9,190,4.688,7,2.3
NLA06608-0115,2007,5,540,1.352,2,2.6
NLA06608-0116,2007,26,271,2.816,15,1.43
NLA06608-0120,2007,247.5,1215,2.162,25,0.33999999999999997
NLA06608-0124,2007,213,340,31.586,88,0.2
NLA06608-0126,2007,572,6595,318.12,41.666666666666664,0.16
NLA06608-0127,2007,19,641,5.92,17,2.2
NLA06608-0128,2007,368.3333333333333,3091.6666666666665,167.19166666666666,36.333333333333336,0.595
NLA06608-0129,2007,2.75,143.25,0.51425,2.25,7.055
NLA06608-0130,2007,36,2234,12.912,28,1.63
NLA06608-0132,2007,56,466,8.107,5,1.35
NLA06608-0134,2007,4,156,1.576,0,7.6
NLA06608-0137,2007,3,82,1.326,9,9.9
NLA06608-0139,2007,33,763,12.8,16,1.35
NLA06608-0140,2007,173,1158,52.56,20,0.53
NLA06608-0141,2007,73,975,110.16,9,0.52
NLA06608-0142,2007,7,293,1.364,9,4.7
NLA06608-0144,2007,68.5,824.5,14.040000000000001,18,0.73
NLA06608-0148,2007,16,342,1.866,0,2.8
NLA06608-0149,2007,12,220,4.18,5,2.3
NLA06608-0150,2007,16,366,8.224,12,1.97
NLA06608-0152,2007,21,521,5.2,13,1.2
NLA06608-0153,2007,34,656,10.4,18,1.68
NLA06608-0155,2007,114,1520,79.8,33,0.87
NLA06608-0158,2007,16,651,3.136,6,5.58
NLA06608-0161,2007,30,1069,39,24,0.65
NLA06608-0162,2007,14,244,2.56,20,2.15
NLA06608-0167,2007,1107,14871,724.3199999999999,35,0.1
NLA06608-0168,2007,61,866,21.76,29,0.4
NLA06608-0169,2007,51,453.3333333333333,10.745000000000001,7.333333333333333,3.5
NLA06608-0170,2007,8,780,1.435,0,NA
NLA06608-0173,2007,57,2218,70.4,6,0.22
NLA06608-0174,2007,14.666666666666666,863.6666666666666,6.181333333333333,6.333333333333333,1.9
NLA06608-0175,2007,55,698,19.68,8,0.91
NLA06608-0176,2007,207,848,25.76,12,0.29
NLA06608-0177,2007,6,177,3.576,19,2.75
NLA06608-0179,2007,248,6905.333333333333,84.61333333333333,30.666666666666668,0.485
NLA06608-0180,2007,61,721,30.615,31,0.24
NLA06608-0181,2007,6,514,1.381,6,7
NLA06608-0183,2007,68,907,30.096,8,1.1
NLA06608-0184,2007,100,1049,40.752,15,0.35
NLA06608-0185,2007,9,284,3.128,15,NA
NLA06608-0189,2007,71.33333333333333,732.3333333333334,48.576,12.666666666666666,0.48
NLA06608-0190,2007,16,666,5.168,11,2.45
NLA06608-0191,2007,1,48,1.129,0,6.9
NLA06608-0193,2007,3,71,0.302,7,NA
NLA06608-0195,2007,447,1955,15.552,37,0.83
NLA06608-0196,2007,94,1250,31.4,19,0.83
NLA06608-0198,2007,25,353,10.672,4,2.1
NLA06608-0201,2007,3,40,0.797,0,7.75
NLA06608-0203,2007,1,239,0.772,2,4.48
NLA06608-0204,2007,125,1355,68.85,17,0.4
NLA06608-0207,2007,16.333333333333332,387.3333333333333,7.778,5.666666666666667,1.9
NLA06608-0208,2007,162,1687,65.6,8,0.28
NLA06608-0209,2007,5,214.66666666666666,3.5653333333333332,5.333333333333333,5.859999999999999
NLA06608-0211,2007,42,1340,9.067,26,NA
NLA06608-0212,2007,8,88,4.36,3,2.1
NLA06608-0215,2007,83,1463,58.464,14,0.68
NLA06608-0216,2007,619,1367,19.2,30,0.35
NLA06608-0217,2007,6,508,17.6,12,1.13
NLA06608-0219,2007,36,1826,55.584,31,0.35
NLA06608-0220,2007,872,22613,871.2,62,0.1
NLA06608-0221,2007,38,594,31.68,26,0.72
NLA06608-0222,2007,114,2008,38.736,29,0.48
NLA06608-0223,2007,44,662.3333333333334,44.31466666666667,5,1.015
NLA06608-0224,2007,9.666666666666666,347.6666666666667,2.541,2.3333333333333335,2.395
NLA06608-0225,2007,19.333333333333332,271.3333333333333,1.1386666666666667,4,3.075
NLA06608-0226,2007,8,328,5.888,20,2.43
NLA06608-0228,2007,48.666666666666664,509.6666666666667,6.935,9,2.5250000000000004
NLA06608-0229,2007,4,219,3.6,9,3
NLA06608-0234,2007,14,584,4.776,9,3.3
NLA06608-0235,2007,8,626,7.8,11,1.65
NLA06608-0237,2007,24,633,3.0454999999999997,25.5,NA
NLA06608-0238,2007,7,265,2.976,0,3.9
NLA06608-0239,2007,36,383,2.659,10,1.9
NLA06608-0240,2007,14,396,2.104,7,3.05
NLA06608-0241,2007,80,774,9.744,11,0.35
NLA06608-0242,2007,20,300,2.872,30,2.6
NLA06608-0243,2007,7,203,1.821,5,3.89
NLA06608-0244,2007,15,436,6,9,1.03
NLA06608-0245,2007,11,329,2.656,5,5.15
NLA06608-0247,2007,202,1625,55.8,14,1.19
NLA06608-0253,2007,127,968,32.544,34,0.83
NLA06608-0254,2007,175,2816,49.6,16,0.6
NLA06608-0255,2007,4,276,2.438,16,3.63
NLA06608-0257,2007,1,79,1.147,7,4.65
NLA06608-0259,2007,613,3172,48.24,50,0.55
NLA06608-0260,2007,8,136,1.273,6,3.7
NLA06608-0268,2007,20,464,7.7,20,1.05
NLA06608-0271,2007,99,857,30.04,12,0.38
NLA06608-0275,2007,331,3084,6.72,30,0.75
NLA06608-0276,2007,7,254,1.978,4,7.4
NLA06608-0277,2007,117,451,12.928,5,0.55
NLA06608-0279,2007,239,4600,126.267,20,0.25
NLA06608-0280,2007,81,1229,20.952,121,0.98
NLA06608-0281,2007,44,639,25.097,17,0.73
NLA06608-0283,2007,33,381,9.86,18,0.54
NLA06608-0284,2007,79,865,20.8,13,0.46
NLA06608-0285,2007,138,4222,35.28,15,0.55
NLA06608-0286,2007,5,413,2.224,6,5.42
NLA06608-0290,2007,460,940,13.434666666666667,18,0.275
NLA06608-0291,2007,13,553,3.624,0,3.65
NLA06608-0293,2007,30,759,21.888,12,1.2
NLA06608-0294,2007,1,343,2.336,9,5.05
NLA06608-0295,2007,242,2026,5.733,15,0.67
NLA06608-0297,2007,31,587,14.133,14,1.13
NLA06608-0299,2007,18,915,3.776,16,2.85
NLA06608-0302,2007,1871,6934,203.76,50,0.22
NLA06608-0303,2007,79,1523,84.24,15,0.63
NLA06608-0306,2007,271,1525,38.733,19,0.15
NLA06608-0312,2007,35,355,19.2,6,0.9
NLA06608-0313,2007,24,279,15.08,27,0.73
NLA06608-0318,2007,43,847,13.888,23,1.65
NLA06608-0319,2007,16,251,4.48,5,1.45
NLA06608-0324,2007,21,248,4.816,5,1.5
NLA06608-0325,2007,50,814,46,31,0.55
NLA06608-0326,2007,5,225,1.262,11,4.25
NLA06608-0327,2007,13,281,56.736,6,0.31
NLA06608-0328,2007,76.66666666666667,1097,106.512,22.666666666666668,0.48
NLA06608-0330,2007,13,289,1.104,14,3.95
NLA06608-0332,2007,11,260,6.444,8,1.93
NLA06608-0333,2007,15,282,5.04,2,2.5
NLA06608-0334,2007,142,1834,5.88,26,1.63
NLA06608-0337,2007,23,586,7.84,35,3.03
NLA06608-0339,2007,376,1659,7.44,14,1.95
NLA06608-0340,2007,23,333,9.904,22,1.87
NLA06608-0341,2007,23,333,5.28,7,3.65
NLA06608-0343,2007,117,2606,45.36,19,1.36
NLA06608-0344,2007,53,848,24.8,10,1
NLA06608-0345,2007,22,511,6.048,10,2.45
NLA06608-0350,2007,18,902,17.44,46,1.15
NLA06608-0354,2007,5,188,2.088,5,NA
NLA06608-0356,2007,167,2897,110.7,12,1.85
NLA06608-0357,2007,14,276,5.616,15,1.78
NLA06608-0358,2007,7,209,3.687,16,2.23
NLA06608-0359,2007,191,1296,42.655,20,0.3
NLA06608-0361,2007,19,171,11.856,8,1.98
NLA06608-0363,2007,18,567,11.68,5,1.7
NLA06608-0366,2007,14,601,7.568,12,2.55
NLA06608-0367,2007,54,2157,59.4,13,0.29
NLA06608-0369,2007,1,163,1.744,7,6
NLA06608-0372,2007,16,229,3.16,12,5.4
NLA06608-0373,2007,1,104,0.68,0,7.74
NLA06608-0376,2007,6,324,4.245,19,1.73
NLA06608-0377,2007,46,850,44.928,12,0.55
NLA06608-0378,2007,9,223,0.548,0,3
NLA06608-0384,2007,68,4291,3.387,31,NA
NLA06608-0385,2007,51,1834,2.312,22,NA
NLA06608-0386,2007,9,475,0.832,8,6.8
NLA06608-0388,2007,17.666666666666668,56.333333333333336,0.3556666666666667,0.3333333333333333,3.99
NLA06608-0393,2007,8,101,1.239,1,2.74
NLA06608-0395,2007,13,231,30.4,8,0.68
NLA06608-0399,2007,13,586,3.352,39,2.27
NLA06608-0401,2007,10,279,16.16,5,1.87
NLA06608-0402,2007,142,1612.3333333333333,67.68,11.666666666666666,1.33
NLA06608-0403,2007,20,485,5.36,3,2.05
NLA06608-0405,2007,16,458,8.56,9,2.55
NLA06608-0406,2007,4,172,1.232,2,NA
NLA06608-0407,2007,762,2872,1.813,37,2.47
NLA06608-0408,2007,15,270,5.667,5,1.17
NLA06608-0413,2007,106,581,108.576,43,0.95
NLA06608-0414,2007,40,1296,6.688,125,0.9
NLA06608-0418,2007,8,296,2.184,8,NA
NLA06608-0421,2007,9,537,2.184,14,2.9
NLA06608-0425,2007,234,1433,16.16,15,1.43
NLA06608-0426,2007,5,574,3.12,5,3.6
NLA06608-0432,2007,218,644,24.8,6,0.31
NLA06608-0433,2007,7,422,1.68,15,5.05
NLA06608-0435,2007,78,1824,23.2,54,0.8
NLA06608-0436,2007,29,398,18.216,11,1.52
NLA06608-0439,2007,1056,19200,377.28,69,0.1
NLA06608-0440,2007,182,853,5.46,20,0.64
NLA06608-0442,2007,385,6559,4.496,29,0.76
NLA06608-0444,2007,42,383,10.272,7,NA
NLA06608-0445,2007,15,336,6.848,6,1.47
NLA06608-0447,2007,3,79,1.205,5,4.5
NLA06608-0449,2007,16,404,4.391,7,1.95
NLA06608-0452,2007,37,604,7.246,12,1.21
NLA06608-0453,2007,48,1056,4.314,125,0.75
NLA06608-0454,2007,16,367,3.2,15,NA
NLA06608-0456,2007,29,681,25.098,15,1.1
NLA06608-0458,2007,39,947,15.056,20,1.15
NLA06608-0459,2007,8,200,3.984,6,2.63
NLA06608-0462,2007,3,194,NA,0,7.95
NLA06608-0463,2007,82,1031,30.72,12,0.58
NLA06608-0467,2007,15,788,12.72,21,1.1
NLA06608-0468,2007,8,179,0.643,6,7.1
NLA06608-0469,2007,11,191,3.352,5,4
NLA06608-0470,2007,8,193,1.512,13,5.75
NLA06608-0471,2007,24,839,5.52,6,1.77
NLA06608-0472,2007,78,803,19.2,48,0.39
NLA06608-0473,2007,55,714,36.823,14,1.03
NLA06608-0479,2007,14,318,5.296,4,2.92
NLA06608-0480,2007,3.6666666666666665,224.33333333333334,1.3013333333333335,5.666666666666667,5.65
NLA06608-0483,2007,4,461,3.84,5,4.32
NLA06608-0484,2007,190,1519,126.4,15,0.28
NLA06608-0488,2007,162,1070,49.68,32,0.45
NLA06608-0489,2007,107,1275,24.32,38,0.5
NLA06608-0491,2007,16,665,7.2,16,NA
NLA06608-0493,2007,15,353,9.472,21,1.52
NLA06608-0494,2007,4,401,24.64,3,1.65
NLA06608-0495,2007,11,136,1.774,8,4.68
NLA06608-0496,2007,620,4372,0.694,37,NA
NLA06608-0497,2007,17,156,0.858,3,1.42
NLA06608-0498,2007,44,820,26.424,25,1.05
NLA06608-0500,2007,21,266,13.12,5,1.55
NLA06608-0501,2007,6,182,0.634,9,5.95
NLA06608-0502,2007,5,648,2.28,10,3.83
NLA06608-0503,2007,430,5916,244.8,22,0.14
NLA06608-0508,2007,283,756,28,2,0.26
NLA06608-0509,2007,4,821,1.232,10,5.5
NLA06608-0510,2007,165,2916,71.2,13,0.48
NLA06608-0511,2007,13,112,2.352,4,1.7
NLA06608-0512,2007,61,2447,11.84,25,0.71
NLA06608-0514,2007,7,1009,3.856,4,3.05
NLA06608-0515,2007,335,4984,5.92,21,0.84
NLA06608-0523,2007,115,1738,48.6,6,1.25
NLA06608-0526,2007,17,651,11.008,39,1.55
NLA06608-0528,2007,65,814,11.792,18,0.7
NLA06608-0529,2007,42,508,26.08,3,1.93
NLA06608-0530,2007,117,1016,17.76,33,1.05
NLA06608-0531,2007,57,2697,3.813,12,1.15
NLA06608-0533,2007,6,178,3.18,1,3.8
NLA06608-0537,2007,11,256,2.335,14,1.78
NLA06608-0540,2007,235,2250,95.04,23,0.21
NLA06608-0541,2007,14,329,6.016,6,1.6
NLA06608-0542,2007,15,1303,3.184,12,NA
NLA06608-0546,2007,181,4022,14.944,15,1.98
NLA06608-0547,2007,10,519,2.107,19,3.6
NLA06608-0550,2007,1,234,1.312,5,5.95
NLA06608-0551,2007,54,1361,16.8,10,1.75
NLA06608-0555,2007,8,578,5.653,6,2.03
NLA06608-0558,2007,17,1154,7.216,15,2.4
NLA06608-0560,2007,27,532,12.96,6,0.8
NLA06608-0561,2007,5,86,0.139,11,7.05
NLA06608-0562,2007,6,288,2.2506666666666666,26.666666666666668,2.5599999999999996
NLA06608-0564,2007,14,217,6.648,12,2.42
NLA06608-0565,2007,81,704,40.896,16,0.76
NLA06608-0569,2007,518,2188,54,30,0.43
NLA06608-0570,2007,12,300,3.488,19,5.06
NLA06608-0579,2007,229,2694,7.136,30,0.14
NLA06608-0580,2007,10,183,1.816,3,4.75
NLA06608-0581,2007,8,241,1.928,11,6.6
NLA06608-0582,2007,315,2709,15.696,15,1.5
NLA06608-0583,2007,590,4897,326.88,27,0.28
NLA06608-0585,2007,105,505,2.528,4,0.24
NLA06608-0587,2007,29.5,1212,18.101499999999998,5.5,0.92
NLA06608-0588,2007,589,1729,7.467,30,0.09
NLA06608-0590,2007,46,884,NA,21,2.75
NLA06608-0591,2007,5,182,5.808,3,2.1
NLA06608-0593,2007,4,203,10.688,21,4.91
NLA06608-0594,2007,41,821,20.64,70,0.88
NLA06608-0595,2007,258,3828,106.56,28,0.27
NLA06608-0596,2007,1,96,0.986,7,5.55
NLA06608-0597,2007,22,361,7.8,5,1.26
NLA06608-0599,2007,90,1012,50.256,31,0.64
NLA06608-0606,2007,15,708,5.824,10,1.55
NLA06608-0608,2007,327,2184,102.6,15,0.42
NLA06608-0609,2007,239,3334,187.92,20,0.23
NLA06608-0610,2007,11,549,5.808,4,2.6
NLA06608-0611,2007,53,903,20.64,7,1.45
NLA06608-0614,2007,8,259,1.216,5,4.97
NLA06608-0616,2007,14,483,1.692,13,NA
NLA06608-0617,2007,40,513,2.443,8,0.93
NLA06608-0618,2007,23,257,10.173,10,0.98
NLA06608-0619,2007,7,733,2.952,11,2.35
NLA06608-0622,2007,16,508,4.4,6,1.4
NLA06608-0623,2007,43,628,23.2,14,1.15
NLA06608-0624,2007,49,1274,35.2,12,0.86
NLA06608-0625,2007,1,55,0.615,3,7.55
NLA06608-0627,2007,11,616,3.192,6,3.3
NLA06608-0628,2007,40,793,2.304,6,0.55
NLA06608-0630,2007,8,771,2.616,12,2.05
NLA06608-0632,2007,44,746,34,8,0.98
NLA06608-0634,2007,288,6800,139.68,38,0.41
NLA06608-0635,2007,18,224,5.147,6,2.03
NLA06608-0637,2007,21,454,7.408,15,4.2
NLA06608-0641,2007,49,737,25.44,16,1.8
NLA06608-0648,2007,349,8603,78.286,55,0.2
NLA06608-0649,2007,9,95,3.64,6,5.25
NLA06608-0650,2007,23,466,6.896,8,1.8
NLA06608-0651,2007,12,290,12.96,0,1.45
NLA06608-0654,2007,22,698,9.152,23,1.15
NLA06608-0657,2007,20,559,12.48,20,0.95
NLA06608-0658,2007,5,110,1.116,6,6.65
NLA06608-0659,2007,432,1593,24.144,35,1.38
NLA06608-0660,2007,8,1546,2.904,3,2.13
NLA06608-0661,2007,22,601,25.92,11,1.64
NLA06608-0662,2007,12,256,2.968,8,2.55
NLA06608-0663,2007,618,6603,273.6,36,0.13
NLA06608-0665,2007,1,86,2.496,9,2.25
NLA06608-0671,2007,19,380,1.115,6,NA
NLA06608-0672,2007,213,2273,63.36,5,0.31
NLA06608-0674,2007,3,243,1.024,11,NA
NLA06608-0677,2007,150,1864,25.72,15,0.48
NLA06608-0678,2007,52,462,8.267,10,NA
NLA06608-0679,2007,13,635,12.112,6,2.28
NLA06608-0681,2007,9,249,3.435,4,2.48
NLA06608-0686,2007,122,1343,4.208,40,NA
NLA06608-0687,2007,13,198,2.28,5,6.5
NLA06608-0690,2007,15.333333333333334,381.6666666666667,4.8533333333333335,32.666666666666664,2.21
NLA06608-0692,2007,23,631,13.76,14,2.05
NLA06608-0693,2007,4,79,1.464,6,NA
NLA06608-0696,2007,252,829,32.616,40,0.82
NLA06608-0707,2007,127,4034,5.6,26,2.15
NLA06608-0709,2007,202,2492,98.462,31,0.45
NLA06608-0710,2007,21,302,7.44,14,1.56
NLA06608-0711,2007,74,523,16.32,25,0.83
NLA06608-0712,2007,14,417,3.056,18,3.26
NLA06608-0713,2007,7,138,1.652,7,3.2
NLA06608-0715,2007,4,123,3.545,15,3.8
NLA06608-0717,2007,225,2030,216,35,0.29
NLA06608-0718,2007,616,1869,2.64,35,0.28
NLA06608-0720,2007,195,1435,19.2,9,0.78
NLA06608-0721,2007,21,441,7.104,4,2.27
NLA06608-0723,2007,24,1433,5.646,28,1.63
NLA06608-0724,2007,9,273,2.968,8,3.69
NLA06608-0726,2007,6,202,1.504,21,3.95
NLA06608-0727,2007,191,3722,130.4,26,0.32
NLA06608-0731,2007,17,1221,2.88,11,4.13
NLA06608-0733,2007,28,993,2.847,21,0.26
NLA06608-0734,2007,16,364,3.152,33,0.66
NLA06608-0738,2007,3,223,1.696,7,5.25
NLA06608-0743,2007,5,406,6.032,5,2.23
NLA06608-0744,2007,100,1243,97.488,27,0.48
NLA06608-0749,2007,50,464,13.744,36,0.53
NLA06608-0751,2007,1,99,3.616,1,2.95
NLA06608-0753,2007,15,367,8.8,6,2.2
NLA06608-0754,2007,3,251,1.152,6,4.85
NLA06608-0755,2007,1104,2216,114.6,48,0.42
NLA06608-0756,2007,3,326,10.96,9,0.95
NLA06608-0759,2007,360,4153,185.4,20,0.15
NLA06608-0761,2007,12,403,54,19,0.65
NLA06608-0762,2007,264,3940,133.2,20,0.21
NLA06608-0764,2007,58,1386,24.264,4,1.1
NLA06608-0765,2007,29,507,11.392,16,1.5
NLA06608-0766,2007,40,1673,33.936,10,1.85
NLA06608-0769,2007,16,384,15.36,6,1.78
NLA06608-0770,2007,28,1455,6.815,7,0.59
NLA06608-0771,2007,20,622,6.4,18,2.05
NLA06608-0775,2007,18,569,1.816,20,2.5
NLA06608-0779,2007,1543,3916,98.496,38,0.16
NLA06608-0781,2007,34,729,17.92,7,1.05
NLA06608-0782,2007,7,443,3.28,33,2.05
NLA06608-0783,2007,819,1896,50.933,25,0.15
NLA06608-0785,2007,15,2621,6.568,8,2.1
NLA06608-0792,2007,47,760,30.24,10,0.79
NLA06608-0793,2007,19,340,3.072,11,2.7
NLA06608-0794,2007,1.3333333333333333,79.66666666666667,0.672,7.666666666666667,10.3
NLA06608-0797,2007,24,418,4.24,13,1.53
NLA06608-0802,2007,18,361,5.232,47,1.24
NLA06608-0804,2007,13,335,5.013,8,1.78
NLA06608-0805,2007,51,755,2.272,6,1.6
NLA06608-0806,2007,20,427,8.32,39,1.25
NLA06608-0807,2007,511,1505,27.504,19,1.2
NLA06608-0808,2007,126,1748,76.8,15,0.45
NLA06608-0809,2007,13,546,3.008,1,2.3
NLA06608-0811,2007,51,1224,50.04,26,1.15
NLA06608-0812,2007,11,357,6.448,18,1.36
NLA06608-0815,2007,39,269,27.2,6,1.05
NLA06608-0820,2007,323,2841,120.8,12,0.35
NLA06608-0823,2007,7,331,2.084,9,3.95
NLA06608-0824,2007,22,309,6.229,14,1.05
NLA06608-0825,2007,88,1001,39.696,8,0.95
NLA06608-0827,2007,23,543,11.6,5,1.15
NLA06608-0828,2007,114,1510,68.4,19,0.61
NLA06608-0830,2007,1617,15563,272,68,0.06
NLA06608-0831,2007,4,44,1.304,2,3.75
NLA06608-0833,2007,1,104,0.792,0,NA
NLA06608-0834,2007,23,583,8.053,11,1.73
NLA06608-0836,2007,51,1184,2.695,14,1.5
NLA06608-0837,2007,109,1460,55.584,29,0.79
NLA06608-0842,2007,13,71,1.557,5,4.35
NLA06608-0843,2007,8,196,2.565,5,2.26
NLA06608-0846,2007,39,875,31.84,22,0.8
NLA06608-0847,2007,395,3572,189.36,16,0.23
NLA06608-0849,2007,5,189,4.696,28,3.17
NLA06608-0850,2007,19,486,2.304,7,3.4
NLA06608-0851,2007,44,1104,7.8,22,0.9
NLA06608-0856,2007,31,483,9.467,20,0.98
NLA06608-0857,2007,31,469,12.72,15,1.15
NLA06608-0859,2007,33,913,11.472,5,1.25
NLA06608-0860,2007,227,4191,8.92,10.5,0.33499999999999996
NLA06608-0862,2007,11,654,3.568,23,2.75
NLA06608-0863,2007,36,446,14.384,3,1.04
NLA06608-0864,2007,11,973,9.223,10,1.2
NLA06608-0865,2007,100,1489,83.52,15,0.45
NLA06608-0868,2007,61,1184,29.48,15,0.45
NLA06608-0869,2007,44,479,11.657,52,0.88
NLA06608-0870,2007,43,87,0.488,5,12.51
NLA06608-0871,2007,407,5378,256.32,26,0.15
NLA06608-0872,2007,276,1129,14.32,35,0.13
NLA06608-0873,2007,141,433,9.98,14,0.14
NLA06608-0874,2007,29,3441,14.16,14,1.35
NLA06608-0875,2007,16,720,6.136,15,1.75
NLA06608-0877,2007,14,878,11.8,11,0.78
NLA06608-0878,2007,18,630,6.112,7,1.65
NLA06608-0880,2007,134,1463,41.6,5,0.25
NLA06608-0881,2007,42,513,15.886,13,1.19
NLA06608-0885,2007,1386,865,23.04,15,0.56
NLA06608-0889,2007,204,404,11.925,5,0.29
NLA06608-0890,2007,8,449,3.384,28,3.5
NLA06608-0891,2007,133,1137,30.677,5,0.2
NLA06608-0893,2007,14,303,6.96,10,1.28
NLA06608-0895,2007,237,520,13.856,19,0.2
NLA06608-0899,2007,495,4472,69.192,16,0.55
NLA06608-0900,2007,48,700,15.648,16,1.2
NLA06608-0904,2007,135,1603,77.2,19,0.3
NLA06608-0905,2007,12,358,1.294,4,8.9
NLA06608-0906,2007,1,111,0.832,11,7.45
NLA06608-0913,2007,10,697,3.44,26,1.89
NLA06608-0914,2007,10,171,1.288,14,5.53
NLA06608-0915,2007,102,1410,37.872,30,0.85
NLA06608-0916,2007,16,237,1.727,0,0.6
NLA06608-0918,2007,4,244,2.384,23,2.87
NLA06608-0921,2007,7,340,19.5,9,0.78
NLA06608-0922,2007,12,226,1.243,18,1.45
NLA06608-0924,2007,447,14400,98,60,0.23
NLA06608-0925,2007,1,1160,1.018,0,11.88
NLA06608-0926,2007,4,252,1.472,4,6.7
NLA06608-0927,2007,18,498,2.715,6,2.75
NLA06608-0929,2007,14,354,1.561,8,4.3
NLA06608-0930,2007,4,174,1.304,5,6.45
NLA06608-0933,2007,136,775,8.16,5,1.04
NLA06608-0934,2007,1,5,0.067,0,36.71
NLA06608-0935,2007,36,1198,18.72,19,1.15
NLA06608-0938,2007,34,519,11.888,22,1.46
NLA06608-0940,2007,37,866,22.56,5,1.38
NLA06608-0942,2007,6,306,2.384,18,4.05
NLA06608-0943,2007,5,93,2.288,5,3.05
NLA06608-0944,2007,523,1419,25.227,33,0.04
NLA06608-0946,2007,30,552,14.96,23,1.77
NLA06608-0950,2007,20,234,1.723,8,5.55
NLA06608-0955,2007,10,288,2.784,14,2.75
NLA06608-0957,2007,8,276,2.16,9,4.28
NLA06608-0958,2007,18,511,8.56,14,1.65
NLA06608-0961,2007,11,189,3.64,0,3.53
NLA06608-0962,2007,6,190,1.396,4,6.2
NLA06608-0967,2007,1016,1998,15.5,64,0.58
NLA06608-0968,2007,145,3553,47.6,20,0.32
NLA06608-0970,2007,3,140,0.86,14,5.5
NLA06608-0971,2007,54,787,28.584,4,1.27
NLA06608-0972,2007,619,938,13.36,34,0.1
NLA06608-0974,2007,4,101,1.684,5,5.45
NLA06608-0979,2007,68,952,3.754,14,3.52
NLA06608-0980,2007,176,923,84,30,0.4
NLA06608-0982,2007,6,248,2.08,19,4.5
NLA06608-0984,2007,115,878,32.64,22,0.38
NLA06608-0986,2007,7,186,5.216,5,2.46
NLA06608-0987,2007,40,1800,38.304,19,0.85
NLA06608-0989,2007,56,856,65.2,26,0.4
NLA06608-0990,2007,40,960,20.32,12,1.05
NLA06608-0993,2007,1,551,0.528,11,8.4
NLA06608-0994,2007,5,214,3.744,19,3.15
NLA06608-0996,2007,9,449,2.352,10,NA
NLA06608-0997,2007,4,204,1.504,4,5.55
NLA06608-1001,2007,24,416,5.28,45,1.1
NLA06608-1002,2007,378,1536,1.136,39,NA
NLA06608-1003,2007,12,524,3.816,5,3.55
NLA06608-1005,2007,40,425,22.88,8,0.83
NLA06608-1006,2007,278,3391,34.2,20,0.38
NLA06608-1007,2007,30,479,9.26,8,1.5
NLA06608-1008,2007,4,86,0.52,4,4.75
NLA06608-1010,2007,38,901,22.72,11,1.2
NLA06608-1012,2007,41,880,7.19,28,1.6
NLA06608-1014,2007,15,568,9.813,3,4.2
NLA06608-1015,2007,77,1704,66.24,12,0.42
NLA06608-1016,2007,69,749,21.44,42,0.6
NLA06608-1018,2007,36,1174,7.56,22,1
NLA06608-1022,2007,553,5003,138.24,33,0.38
NLA06608-1024,2007,19,439,6.656,37,1.46
NLA06608-1034,2007,5,563,1.984,11,4.45
NLA06608-1035,2007,160,4348,255.6,20,0.24
NLA06608-1036,2007,94,856,39.888,13,0.55
NLA06608-1037,2007,25,441,10.56,5,1.05
NLA06608-1038,2007,20,561,4,46,1.6
NLA06608-1039,2007,81,1454,125.28,15,0.23
NLA06608-1041,2007,190,1878,3.312,7,3.53
NLA06608-1044,2007,54,344,18.4,12,1.15
NLA06608-1045,2007,6,236,1.256,4,7.3
NLA06608-1047,2007,3,285,9.6,5,2.27
NLA06608-1052,2007,295,1329,28.656,11,0.78
NLA06608-1055,2007,88,1477,89.712,6,0.54
NLA06608-1056,2007,22,464,8.752,15,2.08
NLA06608-1057,2007,1,28,0.149,3,4.89
NLA06608-1058,2007,1,171,0.8,3,6.45
NLA06608-1059,2007,161,1406,39.8,11,0.95
NLA06608-1060,2007,240.33333333333334,2246,160.96,21,0.41
NLA06608-1070,2007,774,1183,23.112,20,1.55
NLA06608-1073,2007,3,68,0.338,5,10.3
NLA06608-1075,2007,8,406,4.528,11,NA
NLA06608-1083,2007,530,2784,318.24,20,0.63
NLA06608-1086,2007,92,3950,13.86,18,0.51
NLA06608-1087,2007,14,273,3.584,14,1.53
NLA06608-1089,2007,8,293,1.04,2,8.2
NLA06608-1091,2007,90,2503,12.667,4,1.55
NLA06608-1096,2007,171,665,36.17,9,0.25
NLA06608-1100,2007,8,262,2.896,8,4.28
NLA06608-1101,2007,109,1713,128.736,18,NA
NLA06608-1102,2007,4,230,2.104,4,3.95
NLA06608-1103,2007,224,6469,10.976,40,0.41
NLA06608-1107,2007,733,7750,49.032,55,0.18
NLA06608-1108,2007,112.66666666666667,1149.6666666666667,61.5,11.333333333333334,0.5549999999999999
NLA06608-1111,2007,193,1500,46.224,18,0.28
NLA06608-1113,2007,9,118,7.568,9,2.25
NLA06608-1114,2007,63,558,12.496,26,0.83
NLA06608-1115,2007,19,1041,4.416,13,3.49
NLA06608-1119,2007,16,265,2.207,9,1.75
NLA06608-1120,2007,144,165,8.016,0,1.35
NLA06608-1122,2007,9,318,5.92,17,2.02
NLA06608-1124,2007,9,433,1.18,3,NA
NLA06608-1125,2007,17,315,4.176,11,3.65
NLA06608-1129,2007,12,336,4.32,15,2.05
NLA06608-1130,2007,65,634,23.68,14,1.08
NLA06608-1131,2007,1,504,6.192,9,1.68
NLA06608-1134,2007,24,826,9.43,20,1.3
NLA06608-1141,2007,45,824,10.16,8,1.75
NLA06608-1143,2007,59,768,9.52,9,NA
NLA06608-1145,2007,60,724,17.829,2,0.78
NLA06608-1147,2007,775,1414,42.24,8,0.65
NLA06608-1148,2007,242,6934,48,30,0.15
NLA06608-1150,2007,11,500,3.792,10,2.35
NLA06608-1151,2007,129,648,13.716,17,1.45
NLA06608-1153,2007,3,224,0.254,6,13.74
NLA06608-1155,2007,122,3069,28.68,11,0.95
NLA06608-1162,2007,8,541,3.083,10,3.45
NLA06608-1163,2007,11,778,4.005,10,2.8
NLA06608-1164,2007,23,424,8.08,18,0.83
NLA06608-1166,2007,1,197,1.148,3,7.25
NLA06608-1167,2007,5,461,2.624,4,4.4
NLA06608-1170,2007,6,240,1.22,7,5.35
NLA06608-1172,2007,4,241,3.003,9,2.65
NLA06608-1174,2007,4,298,2.76,28,3.27
NLA06608-1175,2007,69,1328,32.112,12,0.55
NLA06608-1177,2007,24,328,16.64,29,1.1
NLA06608-1179,2007,133,2741,349.2,33,0.3
NLA06608-1181,2007,9,251,82.224,16,0.6
NLA06608-1183,2007,3,133,1.808,0,8
NLA06608-1185,2007,62,2869,104.533,21,0.35
NLA06608-1189,2007,9,281,1.868,11,3.55
NLA06608-1190,2007,3,96,6.176,4,0.85
NLA06608-1191,2007,152,984,48.96,40,0.78
NLA06608-1195,2007,26,753,16.571,12,1.1
NLA06608-1198,2007,9,611,2.64,5,2.05
NLA06608-1199,2007,44,836,49.577,13,0.93
NLA06608-1204,2007,10,230,5.04,6,2.93
NLA06608-1206,2007,17,834,2.98,58,0.8
NLA06608-1207,2007,11,240,2.501,3,3.95
NLA06608-1208,2007,151.33333333333334,1312,79.392,11,0.65
NLA06608-1209,2007,22,437,6.552,26,1.58
NLA06608-1210,2007,75,4184,5.72,33,NA
NLA06608-1217,2007,64,547,21.6,24,0.88
NLA06608-1219,2007,99,3794,38.867,17,0.28
NLA06608-1220,2007,31,478,22.4,6,0.53
NLA06608-1222,2007,12,391,10.4,7,2.3
NLA06608-1223,2007,422,4053,81.6,20,0.2
NLA06608-1224,2007,23,616,NA,5,0.88
NLA06608-1227,2007,8,487,5.08,6,2.25
NLA06608-1232,2007,12,483,5.653,5,2.45
NLA06608-1236,2007,52,504,4.752,5,0.33
NLA06608-1238,2007,1,131,1.829,5,5.56
NLA06608-1239,2007,117,3309,83.376,9,0.43
NLA06608-1240,2007,141,771,28.872,37,1.1
NLA06608-1241,2007,34,526,14.08,16,0.98
NLA06608-1242,2007,11,849,2.896,10,4.45
NLA06608-1243,2007,42,949,35.28,23,0.92
NLA06608-1244,2007,253,3772,103.895,33,0.28
NLA06608-1245,2007,25,596,17.44,165,0.3
NLA06608-1255,2007,1326,13825,516,47,0.1
NLA06608-1256,2007,20,346,2.584,15,2.23
NLA06608-1258,2007,16,712,4.347,20,1.36
NLA06608-1259,2007,9,129,3.008,8,3.8
NLA06608-1261,2007,32,1014,16.056,40,NA
NLA06608-1262,2007,33,788,20.8,40,0.88
NLA06608-1263,2007,33,453,14,7,0.9
NLA06608-1266,2007,933,2228,0.927,22,0.04
NLA06608-1268,2007,69,990,37.84,4,0.54
NLA06608-1269,2007,646,1911,113.143,2,0.32
NLA06608-1270,2007,15,223,1.595,2,0.78
NLA06608-1271,2007,604,3534,98.88,28,0.4
NLA06608-1273,2007,197,2297,195.84,16,0.55
NLA06608-1274,2007,4,285,1.904,5,4.6
NLA06608-1278,2007,303,1965,29.088,10,1.28
NLA06608-1279,2007,40,496,10.672,25,1.33
NLA06608-1281,2007,4,400,1.189,1,4.03
NLA06608-1283,2007,68,1012,46.368,93,0.68
NLA06608-1284,2007,5,180,1.189,10,5.3
NLA06608-1288,2007,86,619,45.216,15,0.48
NLA06608-1292,2007,17,395,7.08,13,1.25
NLA06608-1295,2007,138,740,26.08,5,0.44
NLA06608-1297,2007,17,1235,6.056,6,2
NLA06608-1300,2007,5,229,1.594,1,2.15
NLA06608-1303,2007,817,2338,7.648,20,2.55
NLA06608-1312,2007,5,287,1.6,5,4.46
NLA06608-1316,2007,269,2606,62.4,20,0.15
NLA06608-1319,2007,241,4791,169.632,26,0.28
NLA06608-1321,2007,10,168,1.57,7,5.75
NLA06608-1323,2007,9,233,15.378,6,1.76
NLA06608-1326,2007,24,854,1.68,16,NA
NLA06608-1329,2007,9,181,0.108,7,NA
NLA06608-1332,2007,148,932,19.64,17,0.2
NLA06608-1333,2007,3,166,1.344,5,6.8
NLA06608-1334,2007,6.666666666666667,336,2.8613333333333335,8.333333333333334,1.725
NLA06608-1336,2007,94,1136,49.86,29,0.38
NLA06608-1338,2007,182,4316,4.088,60,NA
NLA06608-1339,2007,184,3372,147.6,21,0.32
NLA06608-1342,2007,12,279,3.776,82,1.5
NLA06608-1344,2007,27,419,6.3,8,1.15
NLA06608-1346,2007,3,125,2.164,8,4.3
NLA06608-1347,2007,12,551,5.072,26,2.65
NLA06608-1348,2007,5,396,1.31,5,4.3
NLA06608-1349,2007,30,804,27.2,18,1.15
NLA06608-1354,2007,6,480,3.627,11,4.56
NLA06608-1355,2007,4.5,523,3.6310000000000002,5,2.15
NLA06608-1356,2007,21,416,4.924,12,NA
NLA06608-1358,2007,9,323.5,6.14,15,2.625
NLA06608-1359,2007,108,1166,34.848,15,0.61
NLA06608-1360,2007,60,734,49.92,5,0.85
NLA06608-1364,2007,213,2072,103.2,12,0.38
NLA06608-1365,2007,13,257,5.36,7,1.55
NLA06608-1367,2007,242,5338,184,30,0.12
NLA06608-1368,2007,110,1180,32.2,19,0.4
NLA06608-1369,2007,50,679,30.08,7,0.63
NLA06608-1370,2007,39,1063,16.16,21,1.45
NLA06608-1372,2007,113,878,62.64,13,0.63
NLA06608-1375,2007,79,2169,63.936,18,0.3
NLA06608-1376,2007,18,346,9.12,7,1.89
NLA06608-1377,2007,8,101,0.867,10,6.3
NLA06608-1380,2007,21,524,2.768,6,3.25
NLA06608-1383,2007,35,1444,21.28,11,0.85
NLA06608-1387,2007,25,994,9.968,12,0.95
NLA06608-1389,2007,63.333333333333336,2802,58.896,13,0.6499999999999999
NLA06608-1390,2007,15,553,5.589,10,1.45
NLA06608-1391,2007,172,1360,67.968,24,0.33
NLA06608-1396,2007,19,255,5.12,7,1.46
NLA06608-1397,2007,367,3559,210.6,20,0.2
NLA06608-1398,2007,24,624,7.874,65,0.8
NLA06608-1401,2007,29,494,37.296,5,0.55
NLA06608-1403,2007,7,389,1.925,1,2.35
NLA06608-1413,2007,25,1614,49.2,16,0.5
NLA06608-1414,2007,17,319,10.48,30,2
NLA06608-1417,2007,7,251,1.989,9,4.4
NLA06608-1420,2007,112,1154,13.382,28,0.18
NLA06608-1421,2007,41,1100,75.6,32,0.36
NLA06608-1425,2007,22,468,9.712,46,1.41
NLA06608-1426,2007,35,557,12.368,42,1.15
NLA06608-1432,2007,91,754,5.16,48,0.75
NLA06608-1434,2007,5,458,2.312,8,3.75
NLA06608-1435,2007,50,1260,9.4,9,1.3
NLA06608-1436,2007,20,478,4.72,11,1.14
NLA06608-1439,2007,12,273,3.332,5,3.35
NLA06608-1445,2007,2670,5009,16.667,67,0.76
NLA06608-1446,2007,4,228,0.779,6,NA
NLA06608-1447,2007,13,760,5.086,12,2.1
NLA06608-1450,2007,10,469,2.944,0,2.79
NLA06608-1454,2007,125,2341,2.82,15,3.9
NLA06608-1455,2007,37,429,8.8,22,2.4
NLA06608-1460,2007,22,781,4.459,10,2.14
NLA06608-1461,2007,47,708,18.216,9,2.4
NLA06608-1462,2007,450,1404,26.8,75,0.06
NLA06608-1465,2007,5,497,5.973,10,3.9
NLA06608-1469,2007,112,576,65.52,150,0.55
NLA06608-1473,2007,8,181,2.007,4,4.24
NLA06608-1476,2007,183,1891,62,15,0.2
NLA06608-1481,2007,3,135,0.489,6,9.89
NLA06608-1482,2007,80,1099,23.52,27,0.73
NLA06608-1483,2007,13,274,4.805,30,2.78
NLA06608-1484,2007,11,105,3.795,0,1.76
NLA06608-1487,2007,61,1071,14.592,12,1.93
NLA06608-1488,2007,160,3409,114.624,14,0.28
NLA06608-1489,2007,18,721,17.94,25,1.31
NLA06608-1492,2007,41,758,40.608,11,0.61
NLA06608-1496,2007,16,356,12.98,11,1.23
NLA06608-1499,2007,17,483,2.907,10,4.05
NLA06608-1504,2007,68,1199,155.077,12,0.46
NLA06608-1508,2007,313,1680,11.744,22,0.38
NLA06608-1510,2007,653,2440,28.48,91,0.87
NLA06608-1511,2007,373,1446,5.24,25,2.45
NLA06608-1515,2007,33,845,11.6,15,1.65
NLA06608-1517,2007,14,339,6.384,16,1.46
NLA06608-1521,2007,113,1351,82.512,12,0.71
NLA06608-1524,2007,157,968,7.72,23,0.26
NLA06608-1527,2007,587,5191,381.6,20,0.09
NLA06608-1529,2007,55,649,6.04,10,1.2
NLA06608-1532,2007,59,6203,42.66,9,1.06
NLA06608-1537,2007,8,138,2.184,9,2.7
NLA06608-1538,2007,1,252,2.616,0,3.2
NLA06608-1544,2007,69,2228,26.64,9,0.42
NLA06608-1556,2007,19,474,5.387,8,2.32
NLA06608-1558,2007,8,280,2.976,16,NA
NLA06608-1560,2007,42,852,27.467,30,0.95
NLA06608-1561,2007,10,263,3.235,0,2.1
NLA06608-1562,2007,16,348,2.944,6,2.32
NLA06608-1564,2007,161,1159,12.8,32,0.15
NLA06608-1568,2007,115,760,11.491,20,0.31
NLA06608-1569,2007,22,978,19.467,12,0.65
NLA06608-1572,2007,26,420,4.453,5,1.83
NLA06608-1575,2007,215,2503,88.2,20,0.68
NLA06608-1576,2007,255,1344,68.4,13,0.38
NLA06608-1577,2007,16,484,4.32,8,3.85
NLA06608-1578,2007,110,1062,23.36,32,1.13
NLA06608-1579,2007,7,501,2.26,3,3.49
NLA06608-1586,2007,7,369,2.96,19,NA
NLA06608-1593,2007,126,746,6.336,15,2.75
NLA06608-1595,2007,18,392,5.003,4,1.55
NLA06608-1596,2007,1491,26100,684,58,0.15
NLA06608-1600,2007,63,1011,13.008,7,1.95
NLA06608-1602,2007,18,474,4.245,14,2.13
NLA06608-1608,2007,64,498,31.52,63,0.83
NLA06608-1610,2007,3,48,0.502,5,NA
NLA06608-1617,2007,45,239,7.248,5,3.27
NLA06608-1623,2007,134,1231,24.16,52,0.25
NLA06608-1626,2007,30,623,14.784,13,1.95
NLA06608-1630,2007,57,806,21.44,4,0.41
NLA06608-1631,2007,130,1209,27.576,19,1.82
NLA06608-1633,2007,19,366,1.52,4,3.6
NLA06608-1637,2007,32,440,19.872,10,1.45
NLA06608-1638,2007,6,50,0.23,12,15.13
NLA06608-1640,2007,90,777,23.2,23,0.78
NLA06608-1641,2007,185,845,5.66,12,0.19
NLA06608-1643,2007,5,488,3.168,10,3.5
NLA06608-1652,2007,99,848,57.2,4,0.78
NLA06608-1654,2007,6,354,4.48,25,2.25
NLA06608-1655,2007,896,12241,542.4,47,0.12
NLA06608-1668,2007,18,269,18.72,5,1.3
NLA06608-1672,2007,15,510,100.512,15,0.15
NLA06608-1674,2007,35,1043,2.32,10,3.05
NLA06608-1675,2007,16,521,3.008,6,4.05
NLA06608-1679,2007,8,366,3.12,17,2.25
NLA06608-1684,2007,35,475,23.8945,8,1.1749999999999998
NLA06608-1687,2007,441,918,7.52,12,0.75
NLA06608-1690,2007,7,317,4.632,5,3.95
NLA06608-1695,2007,19,216,2.288,7,3.7
NLA06608-1703,2007,304,1949,32.04,15,0.28
NLA06608-1704,2007,42,749,32.544,13,1
NLA06608-1706,2007,6,563,2.315,12,NA
NLA06608-1707,2007,8,723,3.288,2,1.5
NLA06608-1711,2007,12,190,4.32,5,2.2
NLA06608-1715,2007,27,582,8.8,19,1.43
NLA06608-1717,2007,3,79,0.878,3,5.5
NLA06608-1719,2007,441,8803,314.609,30,0.11
NLA06608-1723,2007,1537,3516,2.824,19,3.45
NLA06608-1724,2007,55,1282,55.28,10,0.91
NLA06608-1733,2007,45,3516,167.04,17,0.35
NLA06608-1735,2007,60,679,62,39,0.95
NLA06608-1736,2007,53,1453,38.2,7,0.58
NLA06608-1739,2007,7,157,2.23,5,5
NLA06608-1740,2007,67,949,27.132,12,0.76
NLA06608-1741,2007,124,2156,116.4,50,0.36
NLA06608-1742,2007,7,244,3.372,4,4.95
NLA06608-1748,2007,4,131,1.035,21,5.25
NLA06608-1753,2007,6,267,1.064,9,NA
NLA06608-1755,2007,30,646,12.6,10,1.35
NLA06608-1758,2007,8,892,3.064,7,NA
NLA06608-1771,2007,10,603,4.032,20,2.7
NLA06608-1775,2007,74,548,23,10,0.65
NLA06608-1781,2007,58,789,14.56,7,0.6
NLA06608-1782,2007,32,606,17.44,11,0.95
NLA06608-1789,2007,1,501,1.349,5,4.25
NLA06608-1791,2007,5,401,1.627,7,4.03
NLA06608-1793,2007,9,139,5.448,3,2.75
NLA06608-1800,2007,50,604,43.632,35,0.78
NLA06608-1802,2007,18,536,5.296,12,1.32
NLA06608-1804,2007,120,699,25.47,11,1.15
NLA06608-1808,2007,48,628,24.8,31,0.64
NLA06608-1810,2007,69,611,14.8,6,0.55
NLA06608-1811,2007,27,1558,7.573,8,1.41
NLA06608-1812,2007,61,303,13.68,8,2.3
NLA06608-1818,2007,7,90,0.68,0,8.09
NLA06608-1821,2007,255,2709,197,14,0.3
NLA06608-1824,2007,56,824,25.143,8,0.65
NLA06608-1825,2007,45,839,16.2,40,0.55
NLA06608-1835,2007,16,531,2.02,4,3.05
NLA06608-1836,2007,246,2766,115.56,33,0.36
NLA06608-1839,2007,20,420,12.533,7,1.03
NLA06608-1840,2007,216,1361,72,14,0.46
NLA06608-1851,2007,23,228,6.05,9,1.07
NLA06608-1856,2007,1129,3159,5.184,38,0.5
NLA06608-1857,2007,1,198,1.248,5,6.95
NLA06608-1861,2007,75,1216,55.32,29,0.65
NLA06608-1862,2007,520,1058,7.6,13,0.1
NLA06608-1863,2007,32,506,61.44,11,1.33
NLA06608-1866,2007,11,232,4.357,5,NA
NLA06608-1867,2007,74,2091,52.704,64,0.53
NLA06608-1868,2007,21,676,9,10,1.8
NLA06608-1871,2007,5,139,3.096,5,1.65
NLA06608-1873,2007,1,37,0.464,4,9.16
NLA06608-1874,2007,26,374,3.56,12,2.85
NLA06608-1879,2007,328,4075,109.662,22,0.27
NLA06608-1884,2007,39,2334,25.44,8,0.95
NLA06608-1893,2007,302,581,6.94,16,0.19
NLA06608-1894,2007,36,162,0.446,5,NA
NLA06608-1906,2007,14,368,2.104,13,1.33
NLA06608-1908,2007,10,185,0.944,9,4.95
NLA06608-1910,2007,37,830,22.24,35,0.8
NLA06608-1930,2007,31,178,1.482,7,3.3
NLA06608-1936,2007,89,788,31.4,12,0.4
NLA06608-1948,2007,486,2981,20.88,30,0.84
NLA06608-1953,2007,15,226,9.173,10,2.13
NLA06608-1958,2007,10,18,0.668,0,4.63
NLA06608-1959,2007,493,1494,17.486,36,0.51
NLA06608-1960,2007,108,403,14.848,13,0.3
NLA06608-1968,2007,255,2076,94.933,18,0.24
NLA06608-1975,2007,18,739,4.981,5,2.46
NLA06608-1985,2007,3,27,0.664,0,10.45
NLA06608-1989,2007,71,658,17.12,11,1.45
NLA06608-1992,2007,108,2041,104.4,25,0.4
NLA06608-1998,2007,10.5,378,4.3215,22.5,2.365
NLA06608-2005,2007,276,1398,194.4,16,0.3
NLA06608-2007,2007,59,1331,6.72,5,1.11
NLA06608-2010,2007,24,494,14.304,12,1.61
NLA06608-2027,2007,49,551,3.952,29,1.13
NLA06608-2036,2007,11,278,4.408,5,1.56
NLA06608-2037,2007,175,1190,19.2,19,0.42
NLA06608-2039,2007,277,4691,338.4,24,0.13
NLA06608-2049,2007,5,276,1.415,6,4.15
NLA06608-2056,2007,572,2082,92.16,13,0.37
NLA06608-2072,2007,78,1134,105.84,45,0.68
NLA06608-2074,2007,72,1004,61.091,24,0.65
NLA06608-2076,2007,11,124,3.59,6,1.93
NLA06608-2078,2007,7,569,8.64,4,2.59
NLA06608-2082,2007,17,496,3.568,4,2.1
NLA06608-2086,2007,5,276,1.592,9,4.15
NLA06608-2087,2007,197,2859,64.512,18,0.34
NLA06608-2091,2007,53,401,20.43,9,0.99
NLA06608-2092,2007,135,1804,84.96,12,0.43
NLA06608-2094,2007,35,438,20.64,40,1.07
NLA06608-2095,2007,48,316,2.888,15,0.79
NLA06608-2103,2007,170,3503,8.133,20,0.79
NLA06608-2114,2007,1,402,3.408,0,2.7
NLA06608-2117,2007,169,5572,149.6,20,0.25
NLA06608-2120,2007,28,869,13.472,60,1.16
NLA06608-2123,2007,613,3009,166.629,24,0.24
NLA06608-2131,2007,14,1820,13.44,7,0.43
NLA06608-2134,2007,21,211,6.149,6,1.71
NLA06608-2135,2007,24,1117,15.216,7,1.45
NLA06608-2152,2007,29,535,23.832,13,1.61
NLA06608-2154,2007,112,1007,46.4,5,0.59
NLA06608-2155,2007,1,644,1.464,7,2.5
NLA06608-2162,2007,21,295,3.744,21,2.48
NLA06608-2170,2007,65,5109,3.96,6,NA
NLA06608-2177,2007,3,334,1.389,5,5.45
NLA06608-2185,2007,15,188,4.2,6,2.6
NLA06608-2187,2007,20,366,14.96,9,1.25
NLA06608-2193,2007,15,294,1.664,40,NA
NLA06608-2196,2007,15,407,3.376,5,2.65
NLA06608-2217,2007,9,300,2.787,17,2.98
NLA06608-2219,2007,33,634,20.52,16,1.17
NLA06608-2241,2007,9,256,1.128,11,5.63
NLA06608-2250,2007,11,140,0.701,10,9.4
NLA06608-2253,2007,86,3591,30.08,10,0.87
NLA06608-2257,2007,6,214,1.911,14,4.72
NLA06608-2266,2007,21,350,1.624,17,2
NLA06608-2267,2007,25,793,8.5,17,1.75
NLA06608-2283,2007,7,559,3.426,5,3.15
NLA06608-2305,2007,9,329,6.537,9,2.31
NLA06608-2322,2007,31,388,3.568,11,3.4
NLA06608-2332,2007,318,779,14.288,17,1.1
NLA06608-2333,2007,75,2311,68.88,20,1.06
NLA06608-2345,2007,15,391,3.04,5,1.25
NLA06608-2354,2007,12,331,7.776,9,2.63
NLA06608-2372,2007,54,439,4.837,6,1
NLA06608-2379,2007,12,2076,1.416,20,5.05
NLA06608-2418,2007,35,366,24.32,18,1.12
NLA06608-2426,2007,1697,25663,69.6,19,0.38
NLA06608-2429,2007,9,133,2.448,10,4.65
NLA06608-2438,2007,636,1674,4.64,21,0.11
NLA06608-2450,2007,3,148,0.904,0,7.48
NLA06608-2453,2007,283,765,4.593,19,0.3
NLA06608-2457,2007,16,314,3.688,6,2.35
NLA06608-2463,2007,6,183,1.576,5,5.25
NLA06608-2477,2007,32,1238,1.832,47,1.2
NLA06608-2481,2007,36,421,0.952,8,3.98
NLA06608-2492,2007,33,337,19.36,6,0.86
NLA06608-2497,2007,64,868,20.914,14,0.7
NLA06608-2507,2007,34,1101,38.016,10,0.82
NLA06608-2513,2007,5,259,3.541,5,5.19
NLA06608-2523,2007,56,1259,13.5,18,0.79
NLA06608-2524,2007,33,580,41.904,9,0.98
NLA06608-2565,2007,19,410,7.096,7,1.15
NLA06608-2566,2007,9,376,4.432,59,NA
NLA06608-2593,2007,41,1337,38.2,23,0.55
NLA06608-2629,2007,66,1188,27.16,29,0.5
NLA06608-2634,2007,16,278,1.17,15,NA
NLA06608-2640,2007,48,1113,25.12,17,1
NLA06608-2644,2007,121,1240,4.427,11,0.41
NLA06608-2655,2007,102,2286,29.457,30,1.65
NLA06608-2657,2007,6,488,20.6,7,NA
NLA06608-2663,2007,13,561,2.032,14,NA
NLA06608-2673,2007,72,423,1.331,12,5.5
NLA06608-2685,2007,7,169,2.432,11,2.45
NLA06608-2696,2007,75,733,41.76,11,0.75
NLA06608-2704,2007,105,1672,25.88,9,0.25
NLA06608-2708,2007,12,388,5.16,10,2.4
NLA06608-2714,2007,8,216,9.067,9,3.85
NLA06608-2715,2007,36,369,4.752,13,0.52
NLA06608-2726,2007,5,191,1.179,6,6.99
NLA06608-2740,2007,121,359,11.368,5,0.65
NLA06608-2753,2007,16,1496,3.392,9,2.67
NLA06608-2759,2007,9,206,1.116,6,NA
NLA06608-2776,2007,36,1144,13.856,12,0.79
NLA06608-2779,2007,21,713,6,16,1.85
NLA06608-2797,2007,24,664,2.016,12,2.13
NLA06608-2800,2007,11,235,2.411,5,4
NLA06608-2801,2007,36,339,6.816,7,0.35
NLA06608-2807,2007,32,660,NA,22,0.9
NLA06608-2823,2007,31,751,24.32,17,1.08
NLA06608-2824,2007,208,794,25.28,9,0.8
NLA06608-2831,2007,107,738,37.6,10,0.48
NLA06608-2833,2007,16,640,3.061,10,4.39
NLA06608-2874,2007,76,487,3.94,5,4.2
NLA06608-2881,2007,1,50,0.886,0,6.95
NLA06608-2889,2007,577,1476,1.772,4,8.2
NLA06608-2891,2007,8,790,7.2,2,3
NLA06608-2916,2007,15,324,1.984,7,3.3
NLA06608-2924,2007,13,693,12.64,12,1.21
NLA06608-2954,2007,876,7684,136.656,31,1.58
NLA06608-2955,2007,58,513,32.976,12,0.74
NLA06608-2972,2007,347,5350,145,21,0.16
NLA06608-2987,2007,29,1336,15.184,18,0.99
NLA06608-2996,2007,130,1440,16.64,14,0.28
NLA06608-3032,2007,94,1543,44.928,15,0.29
NLA06608-3035,2007,7,738,3.251,8,3.65
NLA06608-3083,2007,96,685,20.64,24,1.18
NLA06608-3096,2007,17,559,9.867,11,2.49
NLA06608-3121,2007,46,455,14.64,14,1.55
NLA06608-3147,2007,46,999,37.656,20,1.05
NLA06608-3153,2007,1,116,1.499,2,7
NLA06608-3157,2007,8,70,2.208,8,2.3
NLA06608-3160,2007,237,2655,271.44,21,0.27
NLA06608-3169,2007,105,1200,54.432,21,0.45
NLA06608-3228,2007,74,658,8.704,10,0.82
NLA06608-3265,2007,7,338,1.768,10,6.27
NLA06608-3303,2007,81,1535,35.424,8,0.79
NLA06608-3313,2007,41,316,7.728,5,0.97
NLA06608-3320,2007,88,612,19.067,21,0.4
NLA06608-3329,2007,10,374,3.704,13,2.88
NLA06608-3480,2007,88,1612,38.88,34,0.59
NLA06608-3484,2007,180,4319,83.5,15,0.16
NLA06608-3608,2007,191,1821,52.848,15,0.69
NLA06608-3616,2007,15,455,1.688,5,1.3
NLA06608-3644,2007,58,2063,19.2,50,0.52
NLA06608-3656,2007,471,5813,428,39,0.23
NLA06608-3660,2007,1329,2263,5.25,30,0.05
NLA06608-3698,2007,6,300,4.592,18,2.56
NLA06608-3846,2007,3,110,0.896,15,4.79
NLA06608-3890,2007,1,98,2.768,7,3.9
NLA06608-3911,2007,43,643,29.12,10,0.73
NLA06608-4056,2007,75,651,8.08,8,1
NLA06608-4064,2007,47,770,10.187,9,0.9
NLA06608-4206,2007,61,1627,66.96,9,0.62
NLA06608-4252,2007,1,188,1.472,7,4.95
NLA06608-4320,2007,177,1871,2.504,20,0.8
NLA06608-4382,2007,35,571,12.08,18,0.75
NLA06608-4413,2007,8,251,2.56,7,2.7
NLA06608-4414,2007,38,480,12.1,20,0.88
NLA06608-4440,2007,38,803,34.2,16,0.83
NLA06608-4472,2007,282,816,29.4,10,0.3
NLA06608-4504,2007,32,680,18.514,42,0.88
NLA06608-4610,2007,22,426,5.383,16,1.62
NLA06608-4643,2007,19,557,13.834,25,1.15
NLA06608-4650,2007,43,681,26.08,36,0.79
NLA06608-4659,2007,90,1247,76.32,14,0.37
NLA06608-4686,2007,84,446,16.8,15,0.38
NLA06608-4698,2007,142,1333,104.4,10,0.63
NLA06608-4828,2007,24,421,4.617,17,1.23
NLA06608-4929,2007,121,954,38.304,36,0.94
NLA06608-4949,2007,82,623,NA,19,0.83
NLA06608-9999,2007,1,149,1.024,13,8.55
NLA06608-ACAD_LAKES_0435,2007,10,151,1.04,8,NA
NLA06608-ALPS-1218,2007,14,414,1.085,140,1.04
NLA06608-ALSC:020149,2007,5,191,3.269,12,3.7
NLA06608-ELS:1C2-032,2007,11,264,14.184,12,1.28
NLA06608-ELS:1C3-003,2007,9,256,2.72,21,3.77
NLA06608-ELS:1D1-035,2007,23,444,31.36,5,1.52
NLA06608-ELS:1D2-087,2007,35,532,16.8,25,0.86
NLA06608-ELS:1E1-052,2007,10,130,1.672,16,4.5
NLA06608-ELS:1E1-096,2007,9,236,2.912,27,2.06
NLA06608-ELS:1E1-128,2007,8,394,3.152,22,2.46
NLA06608-ELS:1E2-027,2007,28,629,7.936,34,NA
NLA06608-ELS:1E3-002,2007,14,731,11.408,17,NA
NLA06608-ELS:1E3-012,2007,4,161,1.168,3,5.28
NLA06608-ELS:1E3-071,2007,17,807,4.816,26,NA
NLA06608-ELS:2B2-008,2007,8,299,3.968,65,1.39
NLA06608-ELS:2C2-048,2007,8,593,5.64,4,2.79
NLA06608-ELS:2C3-018,2007,10,328,5.448,10,1.94
NLA06608-ELS:2D3-008,2007,13,722,1.113,27,5.05
NLA06608-EMAP:ME011L,2007,13,246,4.347,35,2.5
NLA06608-EMAP:ME012L,2007,1,129,0.688,8,5.64
NLA06608-EMAP:ME254L,2007,5,204,1.749,10,3.92
NLA06608-EMAP:ME263L,2007,11,314,1.84,49,1.58
NLA06608-EMAP:ME518L,2007,7,156,2.056,10,4.59
NLA06608-FL:107895579,2007,33,985,10.528,31,1.35
NLA06608-FL:16674741,2007,8,98,1.543,4,3.4
NLA06608-FL:18261987,2007,20,474,5.28,12,1.25
NLA06608-FL:99324403,2007,24,801,18.72,12,1.25
NLA06608-FL:99344895,2007,166,1531,15.886,19,NA
NLA06608-IN:646,2007,4,2089,1.012,10,1.7
NLA06608-MI:7007,2007,9,828,2.747,15,2.84
NLA06608-MN:03-0029,2007,9,779,2.666,7,3.75
NLA06608-MN:06-0002,2007,271,2475,42.264,11,0.55
NLA06608-MN:11-0102,2007,9,447,2.467,7,3.65
NLA06608-MN:15-0010,2007,9,529,2.867,9,3.91
NLA06608-MN:22-0074,2007,62,1175,47.952,6,0.6
NLA06608-MN:49-0140,2007,7,595,1.212,4,6.35
NLA06608-MN:51-0063,2007,140,1174,25.12,9,0.25
NLA06608-MN:56-0306,2007,8,540,5.387,5,2.45
NLA06608-MN:61-0037,2007,19,835,7,9,2.55
NLA06608-MN:74-0023,2007,34,880,13.536,5,1.43
NLA06608-MN:75-0200,2007,446,2647,15.429,8,0.35
NLA06608-MN:77-0019,2007,17,1065,12.78,14,2.18
NLA06608-MN:87-0030,2007,82,1987,40.032,15,0.4
NLA06608-NELP-0253,2007,4,183,1.035,6,5.92
NLA06608-NELP-0955,2007,1,118,0.824,10,6.07
NLA06608-NELP-1041,2007,9,286,5.312,17,NA
NLA06608-NELP-1330,2007,1,168,0.816,12,6.91
NLA06608-NELP-2155,2007,1,146,0.728,9,7.37
NLA06608-NELP-3355,2007,4,216,0.888,10,NA
NLA06608-NELP-3586,2007,3,138,1.083,7,6.22
NLA06608-NH250L,2007,12,292,3.992,13,2.65
NLA06608-NH4912,2007,4,177,0.779,6,7.15
NLA06608-NV:2,2007,11,124,1.288,2,3.1
NLA06608-NV:3,2007,7,223,3.416,6,NA
NLA06608-NV:4,2007,154,3225,28,42,0.08
NLA06608-OH:19,2007,17,500,5.888,8,1.9
NLA06608-OH:22,2007,3,244,0.996,7,5.68
NLA06608-R10BULLTR,2007,3,88,0.696,5,8.25
NLA06608-R10CAPEHO,2007,10,318,0.676,16,NA
NLA06608-R10CHARLT,2007,1,136,0.199,0,17.1
NLA06608-R10COUNCI,2007,1,39,0.684,0,9.25
NLA06608-R10DEERLA,2007,4,191,0.652,5,NA
NLA06608-R10FISHLA,2007,13,279,7.787,6,2.9
NLA06608-R10FOURMI,2007,4,143,2.736,0,18.1
NLA06608-R10RAINYL,2007,3,56,0.532,2,13
NLA06608-R10SQUAWL,2007,4,150,0.656,4,9.25
NLA06608-R10ULAKE,2007,10,312,6.04,18,2.15
NLA06608-R10YELLOW,2007,3,36,0.378,3,18.25
NLA06608-R31,2007,8,1103,2.872,7,4.2
NLA06608-R314,2007,11,230,3.968,16,3.26
NLA06608-R315,2007,4,101,2.48,0,4.21
NLA06608-R318,2007,8,235,5.344,10,3.94
NLA06608-R319,2007,37,531,12.112,56,0.46
NLA06608-R32,2007,3,505,1.68,5,6.9
NLA06608-R322,2007,7,219,2.032,5,3.11
NLA06608-R323,2007,26,629,15.96,18,1.05
NLA06608-R324,2007,6,366,4.672,4,2.4
NLA06608-R326,2007,31,740,27.52,18,0.65
NLA06608-R328,2007,9,277,2.24,9,5.81
NLA06608-R333,2007,22,366,8.48,5,1.47
NLA06608-R334,2007,12,311,8.48,7,1.65
NLA06608-R336,2007,4,169,12,4,1.03
NLA06608-R34,2007,3,309,2.51,7,3.33
NLA06608-R5:KATHRYN,2007,7,405,4.096,5,2.34
NLA06608-R5:OTTAWA,2007,3,148,1.048,8,7.95
NLA06608-R7101,2007,363,6880,118.4,25,0.15
NLA06608-R7103,2007,839,9359,77.2,36,0.45
NLA06608-R7104,2007,1719,4166,112.464,39,NA
NLA06608-R7106,2007,318,1281,30.672,12,0.53
NLA06608-R715,2007,54,1205,70.272,14,0.55
NLA06608-R716,2007,23,544,15.008,8,1.35
NLA06608-R723,2007,20,380,13.872,15,1.45
NLA06608-R728,2007,19,333,21.28,7,0.95
NLA06608-R730,2007,37,513,16.32,7,0.53
NLA06608-R733,2007,62,637,14.256,30,0.88
NLA06608-R736,2007,26,389,11.04,10,1.8
NLA06608-R746,2007,37,408,17.28,16,1
NLA06608-R750,2007,80,983,35.856,14,0.7
NLA06608-R759,2007,17,611,4.784,0,1.55
NLA06608-R764,2007,14,350,7.984,13,1.3
NLA06608-R767,2007,10,203,0.79,13,3
NLA06608-R769,2007,8,316,1.494,10,3.9
NLA06608-R770,2007,5,223,2.704,9,3
NLA06608-R772,2007,16,351,7.6,3,1.25
NLA06608-R775,2007,10,326,5.36,4,2.4
NLA06608-R784,2007,31,789,6.752,9,0.95
NLA06608-R788,2007,650,3172,7.28,40,NA
NLA06608-R791,2007,2147,25638,101.25,84,0.15
NLA06608-R792,2007,393,8647,143.6,16,0.15
NLA06608-R796,2007,495,7925,99.52,36,0.21
NLA06608-TX:10,2007,63,767,33.552,15,1
NLA06608-TX:14,2007,16,468,8.16,19,1.65
NLA06608-TX:15,2007,14,484,3.627,18,1.45
NLA06608-TX:19,2007,72,1069,8.427,20,1.55
NLA06608-TX:22,2007,11,258,109.833,12,0.55
NLA06608-TX:27,2007,69,933,12.576,21,0.8
NLA06608-TX:29,2007,8,308,3.893,4,2.55
NLA06608-TX:30,2007,181,1433,80.1,29,0.45
NLA06608-TX:5,2007,74,683,15.12,24,1.88
NLA06608-WI:LOWES,2007,67,1566,149.04,20,1.4
NLA06608-WI:SY,2007,49,905,32.904,31,1.25
